team_key,team_name,team_code,tournament_id,year,start_date,performance,position,stage_score,stage_tier,next_year,stage_score_next,stage_tier_next,performance_next,position_next,qualified_next,delta_stage,underperform_next,prior_status,player_retention,squad_turnover,fifa_rank,fifa_points,ranking_date,fifa_rank_next,fifa_points_next,ranking_date_next,fifa_rank_change,fifa_points_change,expected_stage_from_rank,expectation_residual,exceeded_expectations
Argentina,Argentina,ARG,WC-1994,1994,1994-06-17,round of 16,,3,Round of 16,1998,4,Quarterfinal,quarter-finals,,1,1,0,Other,0.2727272727272727,0.7272727272727273,7.0,55.0,1994-06-14,5.0,60.0,1998-05-20,-2.0,5.0,3.107943262569235,-0.10794326256923492,0
Belgium,Belgium,BEL,WC-1994,1994,1994-06-17,round of 16,,3,Round of 16,1998,1,Group stage,group stage,,1,-2,1,Other,0.45454545454545453,0.5454545454545454,26.0,44.0,1994-06-14,35.0,50.0,1998-05-20,9.0,6.0,2.39625803108693,0.6037419689130701,1
Bolivia,Bolivia,BOL,WC-1994,1994,1994-06-17,group stage,,1,Group stage,1998,0,Did not qualify,,,0,-1,1,Other,,,42.0,35.0,1994-06-14,33.0,51.0,1998-05-20,-9.0,16.0,1.7969441519439362,-0.7969441519439362,0
Brazil,Brazil,BRA,WC-1994,1994,1994-06-17,final,1.0,7,Champion,1998,6,Runner-up,final,2.0,1,-1,1,Champion,0.3181818181818182,0.6818181818181819,2.0,59.0,1994-06-14,1.0,72.0,1998-05-20,-1.0,13.0,3.2952288498014206,3.7047711501985794,1
Bulgaria,Bulgaria,BGR,WC-1994,1994,1994-06-17,third-place match,4.0,5,Semifinalist,1998,1,Group stage,group stage,,1,-4,1,Semifinalist,0.36363636363636365,0.6363636363636364,26.0,44.0,1994-06-14,35.0,50.0,1998-05-20,9.0,6.0,2.39625803108693,2.60374196891307,1
Cameroon,Cameroon,CMR,WC-1994,1994,1994-06-17,group stage,,1,Group stage,1998,1,Group stage,group stage,,1,0,0,Other,0.22727272727272727,0.7727272727272727,24.0,46.0,1994-06-14,48.0,45.0,1998-05-20,24.0,-1.0,2.471172265979804,-1.471172265979804,0
Colombia,Colombia,COL,WC-1994,1994,1994-06-17,group stage,,1,Group stage,1998,1,Group stage,group stage,,1,0,0,Other,0.45454545454545453,0.5454545454545454,16.0,51.0,1994-06-14,10.0,58.0,1998-05-20,-6.0,7.0,2.7708292055513013,-1.7708292055513013,0
Germany,Germany,DEU,WC-1994,1994,1994-06-17,quarter-finals,,4,Quarterfinal,1998,4,Quarterfinal,quarter-finals,,1,0,0,Other,0.4090909090909091,0.5909090909090908,1.0,60.0,1994-06-14,2.0,65.0,1998-05-20,1.0,5.0,3.3326859672478575,0.6673140327521425,1
Greece,Greece,GRC,WC-1994,1994,1994-06-17,group stage,,1,Group stage,1998,0,Did not qualify,,,0,-1,1,Other,,,31.0,41.0,1994-06-14,54.0,44.0,1998-05-20,23.0,3.0,2.2089724438547442,-1.2089724438547442,0
Italy,Italy,ITA,WC-1994,1994,1994-06-17,final,2.0,6,Runner-up,1998,4,Quarterfinal,quarter-finals,,1,-2,1,Runner-up,0.2727272727272727,0.7272727272727273,4.0,57.0,1994-06-14,13.0,57.0,1998-05-20,9.0,0.0,3.2203146149085464,2.7796853850914536,1
Mexico,Mexico,MEX,WC-1994,1994,1994-06-17,round of 16,,3,Round of 16,1998,3,Round of 16,round of 16,,1,0,0,Other,0.2727272727272727,0.7272727272727273,16.0,51.0,1994-06-14,4.0,61.0,1998-05-20,-12.0,10.0,2.7708292055513013,0.2291707944486987,1
Morocco,Morocco,MAR,WC-1994,1994,1994-06-17,group stage,,1,Group stage,1998,1,Group stage,group stage,,1,0,0,Other,0.3181818181818182,0.6818181818181819,26.0,44.0,1994-06-14,13.0,57.0,1998-05-20,-13.0,13.0,2.39625803108693,-1.39625803108693,0
Netherlands,Netherlands,NLD,WC-1994,1994,1994-06-17,quarter-finals,,4,Quarterfinal,1998,5,Semifinalist,third-place match,4.0,1,1,0,Other,0.4090909090909091,0.5909090909090908,2.0,59.0,1994-06-14,25.0,54.0,1998-05-20,23.0,-5.0,3.2952288498014206,0.7047711501985794,1
Nigeria,Nigeria,NGA,WC-1994,1994,1994-06-17,round of 16,,3,Round of 16,1998,3,Round of 16,round of 16,,1,0,0,Other,0.5454545454545454,0.4545454545454546,11.0,54.0,1994-06-14,72.0,37.0,1998-05-20,61.0,-17.0,2.9581147927834865,0.041885207216513454,1
Norway,Norway,NOR,WC-1994,1994,1994-06-17,group stage,,1,Group stage,1998,3,Round of 16,round of 16,,1,2,0,Other,0.5,0.5,5.0,56.0,1994-06-14,5.0,60.0,1998-05-20,0.0,4.0,3.182857497462109,-2.182857497462109,0
Ireland,Republic of Ireland,IRL,WC-1994,1994,1994-06-17,round of 16,,3,Round of 16,1998,0,Did not qualify,,,0,-3,1,Other,,,13.0,53.0,1994-06-14,46.0,46.0,1998-05-20,33.0,-7.0,2.8832005578906124,0.11679944210938764,1
Romania,Romania,ROU,WC-1994,1994,1994-06-17,quarter-finals,,4,Quarterfinal,1998,3,Round of 16,round of 16,,1,-1,1,Other,0.5,0.5,7.0,55.0,1994-06-14,20.0,55.0,1998-05-20,13.0,0.0,3.107943262569235,0.8920567374307651,1
Russia,Russia,RUS,WC-1994,1994,1994-06-17,group stage,,1,Group stage,1998,0,Did not qualify,,,0,-1,1,Other,,,18.0,50.0,1994-06-14,15.0,56.0,1998-05-20,-3.0,6.0,2.6959149706584267,-1.6959149706584267,0
Saudi Arabia,Saudi Arabia,SAU,WC-1994,1994,1994-06-17,round of 16,,3,Round of 16,1998,1,Group stage,group stage,,1,-2,1,Other,0.5,0.5,33.0,40.0,1994-06-14,33.0,51.0,1998-05-20,0.0,11.0,2.1340582089618705,0.8659417910381295,1
Korea Republic,South Korea,KOR,WC-1994,1994,1994-06-17,group stage,,1,Group stage,1998,1,Group stage,group stage,,1,0,0,Other,0.2727272727272727,0.7272727272727273,36.0,38.0,1994-06-14,20.0,55.0,1998-05-20,-16.0,17.0,2.021686856622559,-1.021686856622559,0
Spain,Spain,ESP,WC-1994,1994,1994-06-17,quarter-finals,,4,Quarterfinal,1998,1,Group stage,group stage,,1,-3,1,Other,0.45454545454545453,0.5454545454545454,5.0,56.0,1994-06-14,15.0,56.0,1998-05-20,10.0,0.0,3.182857497462109,0.8171425025378909,1
Sweden,Sweden,SWE,WC-1994,1994,1994-06-17,third-place match,3.0,5,Semifinalist,1998,0,Did not qualify,,,0,-5,1,Semifinalist,,,7.0,55.0,1994-06-14,26.0,53.0,1998-05-20,19.0,-2.0,3.107943262569235,1.892056737430765,1
Switzerland,Switzerland,CHE,WC-1994,1994,1994-06-17,round of 16,,3,Round of 16,1998,0,Did not qualify,,,0,-3,1,Other,,,11.0,54.0,1994-06-14,77.0,36.0,1998-05-20,66.0,-18.0,2.9581147927834865,0.041885207216513454,1
USA,United States,USA,WC-1994,1994,1994-06-17,round of 16,,3,Round of 16,1998,1,Group stage,group stage,,1,-2,1,Other,0.5909090909090909,0.40909090909090906,21.0,47.0,1994-06-14,10.0,58.0,1998-05-20,-11.0,11.0,2.5835436183191156,0.4164563816808844,1
Argentina,Argentina,ARG,WC-1998,1998,1998-06-10,quarter-finals,,4,Quarterfinal,2002,1,Group stage,group stage,,1,-3,1,Other,0.5909090909090909,0.40909090909090906,5.0,60.0,1998-05-20,2.0,784.0,2002-05-15,-3.0,724.0,3.182857497462109,0.8171425025378909,1
Austria,Austria,AUT,WC-1998,1998,1998-06-10,group stage,,1,Group stage,2002,0,Did not qualify,,,0,-1,1,Other,,,29.0,52.0,1998-05-20,61.0,543.0,2002-05-15,32.0,491.0,2.283886678747619,-1.2838866787476189,0
Belgium,Belgium,BEL,WC-1998,1998,1998-06-10,group stage,,1,Group stage,2002,3,Round of 16,round of 16,,1,2,0,Other,0.36363636363636365,0.6363636363636364,35.0,50.0,1998-05-20,23.0,653.0,2002-05-15,-12.0,603.0,2.059143974068996,-1.0591439740689959,0
Brazil,Brazil,BRA,WC-1998,1998,1998-06-10,final,2.0,6,Runner-up,2002,7,Champion,final,1.0,1,1,0,Runner-up,0.2727272727272727,0.7272727272727273,1.0,72.0,1998-05-20,2.0,784.0,2002-05-15,1.0,712.0,3.3326859672478575,2.6673140327521425,1
Bulgaria,Bulgaria,BGR,WC-1998,1998,1998-06-10,group stage,,1,Group stage,2002,0,Did not qualify,,,0,-1,1,Other,,,35.0,50.0,1998-05-20,54.0,557.0,2002-05-15,19.0,507.0,2.059143974068996,-1.0591439740689959,0
Cameroon,Cameroon,CMR,WC-1998,1998,1998-06-10,group stage,,1,Group stage,2002,1,Group stage,group stage,,1,0,0,Other,0.5454545454545454,0.4545454545454546,48.0,45.0,1998-05-20,17.0,672.0,2002-05-15,-31.0,627.0,1.5722014472653136,-0.5722014472653136,0
Chile,Chile,CHL,WC-1998,1998,1998-06-10,round of 16,,3,Round of 16,2002,0,Did not qualify,,,0,-3,1,Other,,,8.0,59.0,1998-05-20,45.0,590.0,2002-05-15,37.0,531.0,3.070486145122798,-0.07048614512279805,0
Colombia,Colombia,COL,WC-1998,1998,1998-06-10,group stage,,1,Group stage,2002,0,Did not qualify,,,0,-1,1,Other,,,10.0,58.0,1998-05-20,4.0,728.0,2002-05-15,-6.0,670.0,2.995571910229924,-1.9955719102299239,0
Croatia,Croatia,HRV,WC-1998,1998,1998-06-10,third-place match,3.0,5,Semifinalist,2002,1,Group stage,group stage,,1,-4,1,Semifinalist,0.4090909090909091,0.5909090909090908,15.0,56.0,1998-05-20,21.0,655.0,2002-05-15,6.0,599.0,2.808286322997738,2.191713677002262,1
Denmark,Denmark,DNK,WC-1998,1998,1998-06-10,quarter-finals,,4,Quarterfinal,2002,3,Round of 16,round of 16,,1,-1,1,Other,0.3181818181818182,0.6818181818181819,26.0,53.0,1998-05-20,20.0,657.0,2002-05-15,-6.0,604.0,2.39625803108693,1.60374196891307,1
England,England,ENG,WC-1998,1998,1998-06-10,round of 16,,3,Round of 16,2002,4,Quarterfinal,quarter-finals,,1,1,0,Other,0.45454545454545453,0.5454545454545454,5.0,60.0,1998-05-20,12.0,694.0,2002-05-15,7.0,634.0,3.182857497462109,-0.1828574974621091,0
France,France,FRA,WC-1998,1998,1998-06-10,final,1.0,7,Champion,2002,1,Group stage,group stage,,1,-6,1,Champion,0.6363636363636364,0.36363636363636365,15.0,56.0,1998-05-20,1.0,802.0,2002-05-15,-14.0,746.0,2.808286322997738,4.191713677002262,1
Germany,Germany,DEU,WC-1998,1998,1998-06-10,quarter-finals,,4,Quarterfinal,2002,6,Runner-up,final,2.0,1,2,0,Other,0.2727272727272727,0.7272727272727273,2.0,65.0,1998-05-20,11.0,695.0,2002-05-15,9.0,630.0,3.2952288498014206,0.7047711501985794,1
IR Iran,Iran,IRN,WC-1998,1998,1998-06-10,group stage,,1,Group stage,2002,0,Did not qualify,,,0,-1,1,Other,,,41.0,48.0,1998-05-20,30.0,635.0,2002-05-15,-11.0,587.0,1.8344012693903733,-0.8344012693903733,0
Italy,Italy,ITA,WC-1998,1998,1998-06-10,quarter-finals,,4,Quarterfinal,2002,3,Round of 16,round of 16,,1,-1,1,Other,0.45454545454545453,0.5454545454545454,13.0,57.0,1998-05-20,6.0,717.0,2002-05-15,-7.0,660.0,2.8832005578906124,1.1167994421093876,1
Jamaica,Jamaica,JAM,WC-1998,1998,1998-06-10,group stage,,1,Group stage,2002,0,Did not qualify,,,0,-1,1,Other,,,29.0,52.0,1998-05-20,57.0,549.0,2002-05-15,28.0,497.0,2.283886678747619,-1.2838866787476189,0
Japan,Japan,JPN,WC-1998,1998,1998-06-10,group stage,,1,Group stage,2002,3,Round of 16,round of 16,,1,2,0,Other,0.36363636363636365,0.6363636363636364,10.0,58.0,1998-05-20,32.0,634.0,2002-05-15,22.0,576.0,2.995571910229924,-1.9955719102299239,0
Mexico,Mexico,MEX,WC-1998,1998,1998-06-10,round of 16,,3,Round of 16,2002,3,Round of 16,round of 16,,1,0,0,Other,0.5,0.5,4.0,61.0,1998-05-20,7.0,716.0,2002-05-15,3.0,655.0,3.2203146149085464,-0.22031461490854642,0
Morocco,Morocco,MAR,WC-1998,1998,1998-06-10,group stage,,1,Group stage,2002,0,Did not qualify,,,0,-1,1,Other,,,13.0,57.0,1998-05-20,39.0,612.0,2002-05-15,26.0,555.0,2.8832005578906124,-1.8832005578906124,0
Netherlands,Netherlands,NLD,WC-1998,1998,1998-06-10,third-place match,4.0,5,Semifinalist,2002,0,Did not qualify,,,0,-5,1,Semifinalist,,,25.0,54.0,1998-05-20,9.0,703.0,2002-05-15,-16.0,649.0,2.4337151485333672,2.5662848514666328,1
Nigeria,Nigeria,NGA,WC-1998,1998,1998-06-10,round of 16,,3,Round of 16,2002,1,Group stage,group stage,,1,-2,1,Other,0.2727272727272727,0.7272727272727273,72.0,37.0,1998-05-20,27.0,644.0,2002-05-15,-45.0,607.0,0.6732306285508232,2.326769371449177,1
Norway,Norway,NOR,WC-1998,1998,1998-06-10,round of 16,,3,Round of 16,2002,0,Did not qualify,,,0,-3,1,Other,,,5.0,60.0,1998-05-20,33.0,631.0,2002-05-15,28.0,571.0,3.182857497462109,-0.1828574974621091,0
Paraguay,Paraguay,PRY,WC-1998,1998,1998-06-10,round of 16,,3,Round of 16,2002,3,Round of 16,round of 16,,1,0,0,Other,0.45454545454545453,0.5454545454545454,29.0,52.0,1998-05-20,18.0,671.0,2002-05-15,-11.0,619.0,2.283886678747619,0.7161133212523811,1
Romania,Romania,ROU,WC-1998,1998,1998-06-10,round of 16,,3,Round of 16,2002,0,Did not qualify,,,0,-3,1,Other,,,20.0,55.0,1998-05-20,14.0,675.0,2002-05-15,-6.0,620.0,2.621000735765553,0.3789992642344471,1
Saudi Arabia,Saudi Arabia,SAU,WC-1998,1998,1998-06-10,group stage,,1,Group stage,2002,1,Group stage,group stage,,1,0,0,Other,0.4090909090909091,0.5909090909090908,33.0,51.0,1998-05-20,34.0,627.0,2002-05-15,1.0,576.0,2.1340582089618705,-1.1340582089618705,0
Scotland,Scotland,SCO,WC-1998,1998,1998-06-10,group stage,,1,Group stage,2002,0,Did not qualify,,,0,-1,1,Other,,,41.0,48.0,1998-05-20,54.0,557.0,2002-05-15,13.0,509.0,1.8344012693903733,-0.8344012693903733,0
South Africa,South Africa,ZAF,WC-1998,1998,1998-06-10,group stage,,1,Group stage,2002,1,Group stage,group stage,,1,0,0,Other,0.2608695652173913,0.7391304347826086,20.0,55.0,1998-05-20,37.0,623.0,2002-05-15,17.0,568.0,2.621000735765553,-1.621000735765553,0
Korea Republic,South Korea,KOR,WC-1998,1998,1998-06-10,group stage,,1,Group stage,2002,5,Semifinalist,third-place match,4.0,1,4,0,Other,0.36363636363636365,0.6363636363636364,20.0,55.0,1998-05-20,40.0,603.0,2002-05-15,20.0,548.0,2.621000735765553,-1.621000735765553,0
Spain,Spain,ESP,WC-1998,1998,1998-06-10,group stage,,1,Group stage,2002,4,Quarterfinal,quarter-finals,,1,3,0,Other,0.22727272727272727,0.7727272727272727,15.0,56.0,1998-05-20,8.0,713.0,2002-05-15,-7.0,657.0,2.808286322997738,-1.8082863229977382,0
Tunisia,Tunisia,TUN,WC-1998,1998,1998-06-10,group stage,,1,Group stage,2002,1,Group stage,group stage,,1,0,0,Other,0.5,0.5,20.0,55.0,1998-05-20,30.0,635.0,2002-05-15,10.0,580.0,2.621000735765553,-1.621000735765553,0
USA,United States,USA,WC-1998,1998,1998-06-10,group stage,,1,Group stage,2002,4,Quarterfinal,quarter-finals,,1,3,0,Other,0.5,0.5,10.0,58.0,1998-05-20,13.0,690.0,2002-05-15,3.0,632.0,2.995571910229924,-1.9955719102299239,0
Yugoslavia,Yugoslavia,YUG,WC-1998,1998,1998-06-10,round of 16,,3,Round of 16,2002,0,Did not qualify,,,0,-3,1,Other,,,8.0,59.0,1998-05-20,10.0,702.0,2002-05-15,2.0,643.0,3.070486145122798,-0.07048614512279805,0
Argentina,Argentina,ARG,WC-2002,2002,2002-05-31,group stage,,1,Group stage,2006,4,Quarterfinal,quarter-finals,,1,3,0,Other,0.17391304347826086,0.8260869565217391,2.0,784.0,2002-05-15,9.0,746.0,2006-05-17,7.0,-38.0,3.2952288498014206,-2.2952288498014206,0
Belgium,Belgium,BEL,WC-2002,2002,2002-05-31,round of 16,,3,Round of 16,2006,0,Did not qualify,,,0,-3,1,Other,,,23.0,653.0,2002-05-15,56.0,582.0,2006-05-17,33.0,-71.0,2.5086293834262414,0.4913706165737586,1
Brazil,Brazil,BRA,WC-2002,2002,2002-05-31,final,1.0,7,Champion,2006,4,Quarterfinal,quarter-finals,,1,-3,1,Champion,0.43478260869565216,0.5652173913043479,2.0,784.0,2002-05-15,1.0,827.0,2006-05-17,-1.0,43.0,3.2952288498014206,3.7047711501985794,1
Cameroon,Cameroon,CMR,WC-2002,2002,2002-05-31,group stage,,1,Group stage,2006,0,Did not qualify,,,0,-1,1,Other,,,17.0,672.0,2002-05-15,15.0,722.0,2006-05-17,-2.0,50.0,2.733372088104864,-1.733372088104864,0
Costa Rica,Costa Rica,CRI,WC-2002,2002,2002-05-31,group stage,,1,Group stage,2006,1,Group stage,group stage,,1,0,0,Other,0.391304347826087,0.6086956521739131,29.0,643.0,2002-05-15,26.0,683.0,2006-05-17,-3.0,40.0,2.283886678747619,-1.2838866787476189,0
Croatia,Croatia,HRV,WC-2002,2002,2002-05-31,group stage,,1,Group stage,2006,1,Group stage,group stage,,1,0,0,Other,0.4782608695652174,0.5217391304347826,21.0,655.0,2002-05-15,23.0,686.0,2006-05-17,2.0,31.0,2.5835436183191156,-1.5835436183191156,0
Denmark,Denmark,DNK,WC-2002,2002,2002-05-31,round of 16,,3,Round of 16,2006,0,Did not qualify,,,0,-3,1,Other,,,20.0,657.0,2002-05-15,11.0,736.0,2006-05-17,-9.0,79.0,2.621000735765553,0.3789992642344471,1
Ecuador,Ecuador,ECU,WC-2002,2002,2002-05-31,group stage,,1,Group stage,2006,3,Round of 16,round of 16,,1,2,0,Other,0.391304347826087,0.6086956521739131,35.0,624.0,2002-05-15,39.0,631.0,2006-05-17,4.0,7.0,2.059143974068996,-1.0591439740689959,0
England,England,ENG,WC-2002,2002,2002-05-31,quarter-finals,,4,Quarterfinal,2006,4,Quarterfinal,quarter-finals,,1,0,0,Other,0.391304347826087,0.6086956521739131,12.0,694.0,2002-05-15,10.0,741.0,2006-05-17,-2.0,47.0,2.9206576753370497,1.0793423246629503,1
France,France,FRA,WC-2002,2002,2002-05-31,group stage,,1,Group stage,2006,6,Runner-up,final,2.0,1,5,0,Other,0.4782608695652174,0.5217391304347826,1.0,802.0,2002-05-15,8.0,749.0,2006-05-17,7.0,-53.0,3.3326859672478575,-2.3326859672478575,0
Germany,Germany,DEU,WC-2002,2002,2002-05-31,final,2.0,6,Runner-up,2006,5,Semifinalist,third-place match,3.0,1,-1,1,Runner-up,0.43478260869565216,0.5652173913043479,11.0,695.0,2002-05-15,19.0,696.0,2006-05-17,8.0,1.0,2.9581147927834865,3.0418852072165135,1
Italy,Italy,ITA,WC-2002,2002,2002-05-31,round of 16,,3,Round of 16,2006,7,Champion,final,1.0,1,4,0,Other,0.391304347826087,0.6086956521739131,6.0,717.0,2002-05-15,13.0,728.0,2006-05-17,7.0,11.0,3.1454003800156722,-0.14540038001567224,0
Japan,Japan,JPN,WC-2002,2002,2002-05-31,round of 16,,3,Round of 16,2006,1,Group stage,group stage,,1,-2,1,Other,0.4782608695652174,0.5217391304347826,32.0,634.0,2002-05-15,18.0,705.0,2006-05-17,-14.0,71.0,2.1715153264083074,0.8284846735916926,1
Mexico,Mexico,MEX,WC-2002,2002,2002-05-31,round of 16,,3,Round of 16,2006,3,Round of 16,round of 16,,1,0,0,Other,0.30434782608695654,0.6956521739130435,7.0,716.0,2002-05-15,4.0,758.0,2006-05-17,-3.0,42.0,3.107943262569235,-0.10794326256923492,0
Nigeria,Nigeria,NGA,WC-2002,2002,2002-05-31,group stage,,1,Group stage,2006,0,Did not qualify,,,0,-1,1,Other,,,27.0,644.0,2002-05-15,11.0,736.0,2006-05-17,-16.0,92.0,2.3588009136404926,-1.3588009136404926,0
Paraguay,Paraguay,PRY,WC-2002,2002,2002-05-31,round of 16,,3,Round of 16,2006,1,Group stage,group stage,,1,-2,1,Other,0.43478260869565216,0.5652173913043479,18.0,671.0,2002-05-15,33.0,653.0,2006-05-17,15.0,-18.0,2.6959149706584267,0.30408502934157333,1
Poland,Poland,POL,WC-2002,2002,2002-05-31,group stage,,1,Group stage,2006,1,Group stage,group stage,,1,0,0,Other,0.17391304347826086,0.8260869565217391,38.0,615.0,2002-05-15,29.0,677.0,2006-05-17,-9.0,62.0,1.9467726217296848,-0.9467726217296848,0
Portugal,Portugal,PRT,WC-2002,2002,2002-05-31,group stage,,1,Group stage,2006,5,Semifinalist,third-place match,4.0,1,4,0,Other,0.30434782608695654,0.6956521739130435,5.0,726.0,2002-05-15,7.0,750.0,2006-05-17,2.0,24.0,3.182857497462109,-2.182857497462109,0
Ireland,Republic of Ireland,IRL,WC-2002,2002,2002-05-31,round of 16,,3,Round of 16,2006,0,Did not qualify,,,0,-3,1,Other,,,15.0,674.0,2002-05-15,31.0,671.0,2006-05-17,16.0,-3.0,2.808286322997738,0.19171367700226183,1
Russia,Russia,RUS,WC-2002,2002,2002-05-31,group stage,,1,Group stage,2006,0,Did not qualify,,,0,-1,1,Other,,,27.0,644.0,2002-05-15,37.0,645.0,2006-05-17,10.0,1.0,2.3588009136404926,-1.3588009136404926,0
Saudi Arabia,Saudi Arabia,SAU,WC-2002,2002,2002-05-31,group stage,,1,Group stage,2006,1,Group stage,group stage,,1,0,0,Other,0.4782608695652174,0.5217391304347826,34.0,627.0,2002-05-15,34.0,651.0,2006-05-17,0.0,24.0,2.096601091515433,-1.0966010915154332,0
Senegal,Senegal,SEN,WC-2002,2002,2002-05-31,quarter-finals,,4,Quarterfinal,2006,0,Did not qualify,,,0,-4,1,Other,,,42.0,599.0,2002-05-15,28.0,679.0,2006-05-17,-14.0,80.0,1.7969441519439362,2.2030558480560636,1
Slovenia,Slovenia,SVN,WC-2002,2002,2002-05-31,group stage,,1,Group stage,2006,0,Did not qualify,,,0,-1,1,Other,,,25.0,649.0,2002-05-15,71.0,539.0,2006-05-17,46.0,-110.0,2.4337151485333672,-1.4337151485333672,0
South Africa,South Africa,ZAF,WC-2002,2002,2002-05-31,group stage,,1,Group stage,2006,0,Did not qualify,,,0,-1,1,Other,,,37.0,623.0,2002-05-15,53.0,593.0,2006-05-17,16.0,-30.0,1.9842297391761219,-0.9842297391761219,0
Korea Republic,South Korea,KOR,WC-2002,2002,2002-05-31,third-place match,4.0,5,Semifinalist,2006,1,Group stage,group stage,,1,-4,1,Semifinalist,0.43478260869565216,0.5652173913043479,40.0,603.0,2002-05-15,29.0,677.0,2006-05-17,-11.0,74.0,1.8718583868368106,3.1281416131631894,1
Spain,Spain,ESP,WC-2002,2002,2002-05-31,quarter-finals,,4,Quarterfinal,2006,3,Round of 16,round of 16,,1,-1,1,Other,0.2608695652173913,0.7391304347826086,8.0,713.0,2002-05-15,5.0,756.0,2006-05-17,-3.0,43.0,3.070486145122798,0.929513854877202,1
Sweden,Sweden,SWE,WC-2002,2002,2002-05-31,round of 16,,3,Round of 16,2006,3,Round of 16,round of 16,,1,0,0,Other,0.5652173913043478,0.4347826086956522,19.0,665.0,2002-05-15,16.0,709.0,2006-05-17,-3.0,44.0,2.65845785321199,0.3415421467880102,1
Tunisia,Tunisia,TUN,WC-2002,2002,2002-05-31,group stage,,1,Group stage,2006,1,Group stage,group stage,,1,0,0,Other,0.2608695652173913,0.7391304347826086,30.0,635.0,2002-05-15,21.0,693.0,2006-05-17,-9.0,58.0,2.2464295613011815,-1.2464295613011815,0
Turkey,Turkey,TUR,WC-2002,2002,2002-05-31,third-place match,3.0,5,Semifinalist,2006,0,Did not qualify,,,0,-5,1,Semifinalist,,,22.0,654.0,2002-05-15,14.0,726.0,2006-05-17,-8.0,72.0,2.5460865008726783,2.4539134991273217,1
USA,United States,USA,WC-2002,2002,2002-05-31,quarter-finals,,4,Quarterfinal,2006,1,Group stage,group stage,,1,-3,1,Other,0.5217391304347826,0.4782608695652174,13.0,690.0,2002-05-15,5.0,756.0,2006-05-17,-8.0,66.0,2.8832005578906124,1.1167994421093876,1
Uruguay,Uruguay,URY,WC-2002,2002,2002-05-31,group stage,,1,Group stage,2006,0,Did not qualify,,,0,-1,1,Other,,,24.0,652.0,2002-05-15,22.0,689.0,2006-05-17,-2.0,37.0,2.471172265979804,-1.471172265979804,0
Angola,Angola,AGO,WC-2006,2006,2006-06-09,group stage,,1,Group stage,2010,0,Did not qualify,,,0,-1,1,Other,,,57.0,581.0,2006-05-17,88.0,379.0,2010-05-26,31.0,-202.0,1.2350873902473798,-0.2350873902473798,0
Argentina,Argentina,ARG,WC-2006,2006,2006-06-09,quarter-finals,,4,Quarterfinal,2010,4,Quarterfinal,quarter-finals,,1,0,0,Other,0.2608695652173913,0.7391304347826086,9.0,746.0,2006-05-17,7.0,1076.0,2010-05-26,-2.0,330.0,3.0330290276763607,0.9669709723236393,1
Australia,Australia,AUS,WC-2006,2006,2006-06-09,round of 16,,3,Round of 16,2010,1,Group stage,group stage,,1,-2,1,Other,0.6086956521739131,0.3913043478260869,42.0,612.0,2006-05-17,20.0,886.0,2010-05-26,-22.0,274.0,1.7969441519439362,1.2030558480560638,1
Brazil,Brazil,BRA,WC-2006,2006,2006-06-09,quarter-finals,,4,Quarterfinal,2010,4,Quarterfinal,quarter-finals,,1,0,0,Other,0.34782608695652173,0.6521739130434783,1.0,827.0,2006-05-17,1.0,1611.0,2010-05-26,0.0,784.0,3.3326859672478575,0.6673140327521425,1
Costa Rica,Costa Rica,CRI,WC-2006,2006,2006-06-09,group stage,,1,Group stage,2010,0,Did not qualify,,,0,-1,1,Other,,,26.0,683.0,2006-05-17,40.0,710.0,2010-05-26,14.0,27.0,2.39625803108693,-1.39625803108693,0
Croatia,Croatia,HRV,WC-2006,2006,2006-06-09,group stage,,1,Group stage,2010,0,Did not qualify,,,0,-1,1,Other,,,23.0,686.0,2006-05-17,10.0,1041.0,2010-05-26,-13.0,355.0,2.5086293834262414,-1.5086293834262414,0
Czech Republic,Czech Republic,CZE,WC-2006,2006,2006-06-09,group stage,,1,Group stage,2010,0,Did not qualify,,,0,-1,1,Other,,,2.0,772.0,2006-05-17,33.0,793.0,2010-05-26,31.0,21.0,3.2952288498014206,-2.2952288498014206,0
Ecuador,Ecuador,ECU,WC-2006,2006,2006-06-09,round of 16,,3,Round of 16,2010,0,Did not qualify,,,0,-3,1,Other,,,39.0,631.0,2006-05-17,44.0,694.0,2010-05-26,5.0,63.0,1.9093155042832477,1.0906844957167523,1
England,England,ENG,WC-2006,2006,2006-06-09,quarter-finals,,4,Quarterfinal,2010,3,Round of 16,round of 16,,1,-1,1,Other,0.4782608695652174,0.5217391304347826,10.0,741.0,2006-05-17,8.0,1068.0,2010-05-26,-2.0,327.0,2.995571910229924,1.0044280897700761,1
France,France,FRA,WC-2006,2006,2006-06-09,final,2.0,6,Runner-up,2010,1,Group stage,group stage,,1,-5,1,Runner-up,0.30434782608695654,0.6956521739130435,8.0,749.0,2006-05-17,9.0,1044.0,2010-05-26,1.0,295.0,3.070486145122798,2.929513854877202,1
Germany,Germany,DEU,WC-2006,2006,2006-06-09,third-place match,3.0,5,Semifinalist,2010,5,Semifinalist,third-place match,3.0,1,0,0,Semifinalist,0.30434782608695654,0.6956521739130435,19.0,696.0,2006-05-17,6.0,1082.0,2010-05-26,-13.0,386.0,2.65845785321199,2.34154214678801,1
Ghana,Ghana,GHA,WC-2006,2006,2006-06-09,round of 16,,3,Round of 16,2010,4,Quarterfinal,quarter-finals,,1,1,0,Other,0.391304347826087,0.6086956521739131,48.0,600.0,2006-05-17,32.0,800.0,2010-05-26,-16.0,200.0,1.5722014472653136,1.4277985527346864,1
IR Iran,Iran,IRN,WC-2006,2006,2006-06-09,group stage,,1,Group stage,2010,0,Did not qualify,,,0,-1,1,Other,,,23.0,686.0,2006-05-17,61.0,521.0,2010-05-26,38.0,-165.0,2.5086293834262414,-1.5086293834262414,0
Italy,Italy,ITA,WC-2006,2006,2006-06-09,final,1.0,7,Champion,2010,1,Group stage,group stage,,1,-6,1,Champion,0.391304347826087,0.6086956521739131,13.0,728.0,2006-05-17,5.0,1184.0,2010-05-26,-8.0,456.0,2.8832005578906124,4.116799442109388,1
Côte d'Ivoire,Ivory Coast,CIV,WC-2006,2006,2006-06-09,group stage,,1,Group stage,2010,1,Group stage,group stage,,1,0,0,Other,0.4782608695652174,0.5217391304347826,32.0,669.0,2006-05-17,27.0,856.0,2010-05-26,-5.0,187.0,2.1715153264083074,-1.1715153264083074,0
Japan,Japan,JPN,WC-2006,2006,2006-06-09,group stage,,1,Group stage,2010,3,Round of 16,round of 16,,1,2,0,Other,0.34782608695652173,0.6521739130434783,18.0,705.0,2006-05-17,45.0,682.0,2010-05-26,27.0,-23.0,2.6959149706584267,-1.6959149706584267,0
Mexico,Mexico,MEX,WC-2006,2006,2006-06-09,round of 16,,3,Round of 16,2010,3,Round of 16,round of 16,,1,0,0,Other,0.34782608695652173,0.6521739130434783,4.0,758.0,2006-05-17,17.0,895.0,2010-05-26,13.0,137.0,3.2203146149085464,-0.22031461490854642,0
Netherlands,Netherlands,NLD,WC-2006,2006,2006-06-09,round of 16,,3,Round of 16,2010,6,Runner-up,final,2.0,1,3,0,Other,0.5652173913043478,0.4347826086956522,3.0,768.0,2006-05-17,4.0,1231.0,2010-05-26,1.0,463.0,3.2577717323549833,-0.2577717323549833,0
Paraguay,Paraguay,PRY,WC-2006,2006,2006-06-09,group stage,,1,Group stage,2010,4,Quarterfinal,quarter-finals,,1,3,0,Other,0.391304347826087,0.6086956521739131,33.0,653.0,2006-05-17,31.0,820.0,2010-05-26,-2.0,167.0,2.1340582089618705,-1.1340582089618705,0
Poland,Poland,POL,WC-2006,2006,2006-06-09,group stage,,1,Group stage,2010,0,Did not qualify,,,0,-1,1,Other,,,29.0,677.0,2006-05-17,58.0,561.0,2010-05-26,29.0,-116.0,2.283886678747619,-1.2838866787476189,0
Portugal,Portugal,PRT,WC-2006,2006,2006-06-09,third-place match,4.0,5,Semifinalist,2010,3,Round of 16,round of 16,,1,-2,1,Semifinalist,0.34782608695652173,0.6521739130434783,7.0,750.0,2006-05-17,3.0,1249.0,2010-05-26,-4.0,499.0,3.107943262569235,1.892056737430765,1
Saudi Arabia,Saudi Arabia,SAU,WC-2006,2006,2006-06-09,group stage,,1,Group stage,2010,0,Did not qualify,,,0,-1,1,Other,,,34.0,651.0,2006-05-17,66.0,498.0,2010-05-26,32.0,-153.0,2.096601091515433,-1.0966010915154332,0
Serbia and Montenegro,Serbia and Montenegro,SCG,WC-2006,2006,2006-06-09,group stage,,1,Group stage,2010,0,Did not qualify,,,0,-1,1,Other,,,44.0,610.0,2006-05-17,36.0,724.0,2006-07-12,-8.0,114.0,1.722029917051062,-0.722029917051062,0
Korea Republic,South Korea,KOR,WC-2006,2006,2006-06-09,group stage,,1,Group stage,2010,3,Round of 16,round of 16,,1,2,0,Other,0.34782608695652173,0.6521739130434783,29.0,677.0,2006-05-17,47.0,632.0,2010-05-26,18.0,-45.0,2.283886678747619,-1.2838866787476189,0
Spain,Spain,ESP,WC-2006,2006,2006-06-09,round of 16,,3,Round of 16,2010,7,Champion,final,1.0,1,4,0,Other,0.4782608695652174,0.5217391304347826,5.0,756.0,2006-05-17,2.0,1565.0,2010-05-26,-3.0,809.0,3.182857497462109,-0.1828574974621091,0
Sweden,Sweden,SWE,WC-2006,2006,2006-06-09,round of 16,,3,Round of 16,2010,0,Did not qualify,,,0,-3,1,Other,,,16.0,709.0,2006-05-17,37.0,761.0,2010-05-26,21.0,52.0,2.7708292055513013,0.2291707944486987,1
Switzerland,Switzerland,CHE,WC-2006,2006,2006-06-09,round of 16,,3,Round of 16,2010,1,Group stage,group stage,,1,-2,1,Other,0.34782608695652173,0.6521739130434783,35.0,648.0,2006-05-17,24.0,866.0,2010-05-26,-11.0,218.0,2.059143974068996,0.9408560259310041,1
Togo,Togo,TGO,WC-2006,2006,2006-06-09,group stage,,1,Group stage,2010,0,Did not qualify,,,0,-1,1,Other,,,61.0,569.0,2006-05-17,76.0,418.0,2010-05-26,15.0,-151.0,1.0852589204616314,-0.08525892046163142,0
Trinidad and Tobago,Trinidad and Tobago,TTO,WC-2006,2006,2006-06-09,group stage,,1,Group stage,2010,0,Did not qualify,,,0,-1,1,Other,,,47.0,604.0,2006-05-17,95.0,353.0,2010-05-26,48.0,-251.0,1.6096585647117507,-0.6096585647117507,0
Tunisia,Tunisia,TUN,WC-2006,2006,2006-06-09,group stage,,1,Group stage,2010,0,Did not qualify,,,0,-1,1,Other,,,21.0,693.0,2006-05-17,55.0,574.0,2010-05-26,34.0,-119.0,2.5835436183191156,-1.5835436183191156,0
Ukraine,Ukraine,UKR,WC-2006,2006,2006-06-09,quarter-finals,,4,Quarterfinal,2010,0,Did not qualify,,,0,-4,1,Other,,,45.0,609.0,2006-05-17,23.0,875.0,2010-05-26,-22.0,266.0,1.684572799604625,2.315427200395375,1
USA,United States,USA,WC-2006,2006,2006-06-09,group stage,,1,Group stage,2010,3,Round of 16,round of 16,,1,2,0,Other,0.34782608695652173,0.6521739130434783,5.0,756.0,2006-05-17,14.0,957.0,2010-05-26,9.0,201.0,3.182857497462109,-2.182857497462109,0
Algeria,Algeria,DZA,WC-2010,2010,2010-06-11,group stage,,1,Group stage,2014,3,Round of 16,round of 16,,1,2,0,Other,0.30434782608695654,0.6956521739130435,30.0,821.0,2010-05-26,22.0,858.0,2014-06-05,-8.0,37.0,2.2464295613011815,-1.2464295613011815,0
Argentina,Argentina,ARG,WC-2010,2010,2010-06-11,quarter-finals,,4,Quarterfinal,2014,6,Runner-up,final,2.0,1,2,0,Other,0.391304347826087,0.6086956521739131,7.0,1076.0,2010-05-26,5.0,1175.0,2014-06-05,-2.0,99.0,3.107943262569235,0.8920567374307651,1
Australia,Australia,AUS,WC-2010,2010,2010-06-11,group stage,,1,Group stage,2014,1,Group stage,group stage,,1,0,0,Other,0.2608695652173913,0.7391304347826086,20.0,886.0,2010-05-26,62.0,526.0,2014-06-05,42.0,-360.0,2.621000735765553,-1.621000735765553,0
Brazil,Brazil,BRA,WC-2010,2010,2010-06-11,quarter-finals,,4,Quarterfinal,2014,5,Semifinalist,third-place match,4.0,1,1,0,Other,0.21739130434782608,0.782608695652174,1.0,1611.0,2010-05-26,3.0,1242.0,2014-06-05,2.0,-369.0,3.3326859672478575,0.6673140327521425,1
Cameroon,Cameroon,CMR,WC-2010,2010,2010-06-11,group stage,,1,Group stage,2014,1,Group stage,group stage,,1,0,0,Other,0.5652173913043478,0.4347826086956522,19.0,887.0,2010-05-26,56.0,558.0,2014-06-05,37.0,-329.0,2.65845785321199,-1.6584578532119898,0
Chile,Chile,CHL,WC-2010,2010,2010-06-11,round of 16,,3,Round of 16,2014,3,Round of 16,round of 16,,1,0,0,Other,0.4782608695652174,0.5217391304347826,18.0,888.0,2010-05-26,14.0,1026.0,2014-06-05,-4.0,138.0,2.6959149706584267,0.30408502934157333,1
Denmark,Denmark,DNK,WC-2010,2010,2010-06-11,group stage,,1,Group stage,2014,0,Did not qualify,,,0,-1,1,Other,,,36.0,767.0,2010-05-26,23.0,809.0,2014-06-05,-13.0,42.0,2.021686856622559,-1.021686856622559,0
England,England,ENG,WC-2010,2010,2010-06-11,round of 16,,3,Round of 16,2014,1,Group stage,group stage,,1,-2,1,Other,0.2608695652173913,0.7391304347826086,8.0,1068.0,2010-05-26,10.0,1090.0,2014-06-05,2.0,22.0,3.070486145122798,-0.07048614512279805,0
France,France,FRA,WC-2010,2010,2010-06-11,group stage,,1,Group stage,2014,4,Quarterfinal,quarter-finals,,1,3,0,Other,0.17391304347826086,0.8260869565217391,9.0,1044.0,2010-05-26,17.0,913.0,2014-06-05,8.0,-131.0,3.0330290276763607,-2.0330290276763607,0
Germany,Germany,DEU,WC-2010,2010,2010-06-11,third-place match,3.0,5,Semifinalist,2014,7,Champion,final,1.0,1,2,0,Semifinalist,0.4782608695652174,0.5217391304347826,6.0,1082.0,2010-05-26,2.0,1300.0,2014-06-05,-4.0,218.0,3.1454003800156722,1.8545996199843278,1
Ghana,Ghana,GHA,WC-2010,2010,2010-06-11,quarter-finals,,4,Quarterfinal,2014,1,Group stage,group stage,,1,-3,1,Other,0.30434782608695654,0.6956521739130435,32.0,800.0,2010-05-26,37.0,704.0,2014-06-05,5.0,-96.0,2.1715153264083074,1.8284846735916926,1
Greece,Greece,GRC,WC-2010,2010,2010-06-11,group stage,,1,Group stage,2014,3,Round of 16,round of 16,,1,2,0,Other,0.43478260869565216,0.5652173913043479,13.0,964.0,2010-05-26,12.0,1064.0,2014-06-05,-1.0,100.0,2.8832005578906124,-1.8832005578906124,0
Honduras,Honduras,HND,WC-2010,2010,2010-06-11,group stage,,1,Group stage,2014,1,Group stage,group stage,,1,0,0,Other,0.43478260869565216,0.5652173913043479,38.0,734.0,2010-05-26,33.0,731.0,2014-06-05,-5.0,-3.0,1.9467726217296848,-0.9467726217296848,0
Italy,Italy,ITA,WC-2010,2010,2010-06-11,group stage,,1,Group stage,2014,1,Group stage,group stage,,1,0,0,Other,0.2608695652173913,0.7391304347826086,5.0,1184.0,2010-05-26,9.0,1104.0,2014-06-05,4.0,-80.0,3.182857497462109,-2.182857497462109,0
Côte d'Ivoire,Ivory Coast,CIV,WC-2010,2010,2010-06-11,group stage,,1,Group stage,2014,1,Group stage,group stage,,1,0,0,Other,0.43478260869565216,0.5652173913043479,27.0,856.0,2010-05-26,23.0,809.0,2014-06-05,-4.0,-47.0,2.3588009136404926,-1.3588009136404926,0
Japan,Japan,JPN,WC-2010,2010,2010-06-11,round of 16,,3,Round of 16,2014,1,Group stage,group stage,,1,-2,1,Other,0.391304347826087,0.6086956521739131,45.0,682.0,2010-05-26,46.0,626.0,2014-06-05,1.0,-56.0,1.684572799604625,1.315427200395375,1
Mexico,Mexico,MEX,WC-2010,2010,2010-06-11,round of 16,,3,Round of 16,2014,3,Round of 16,round of 16,,1,0,0,Other,0.391304347826087,0.6086956521739131,17.0,895.0,2010-05-26,20.0,882.0,2014-06-05,3.0,-13.0,2.733372088104864,0.266627911895136,1
Netherlands,Netherlands,NLD,WC-2010,2010,2010-06-11,final,2.0,6,Runner-up,2014,5,Semifinalist,third-place match,3.0,1,-1,1,Runner-up,0.30434782608695654,0.6956521739130435,4.0,1231.0,2010-05-26,15.0,981.0,2014-06-05,11.0,-250.0,3.2203146149085464,2.7796853850914536,1
New Zealand,New Zealand,NZL,WC-2010,2010,2010-06-11,group stage,,1,Group stage,2014,0,Did not qualify,,,0,-1,1,Other,,,78.0,410.0,2010-05-26,97.0,347.0,2014-06-05,19.0,-63.0,0.4484879238722006,0.5515120761277994,1
Nigeria,Nigeria,NGA,WC-2010,2010,2010-06-11,group stage,,1,Group stage,2014,3,Round of 16,round of 16,,1,2,0,Other,0.17391304347826086,0.8260869565217391,21.0,883.0,2010-05-26,44.0,640.0,2014-06-05,23.0,-243.0,2.5835436183191156,-1.5835436183191156,0
Korea DPR,North Korea,PRK,WC-2010,2010,2010-06-11,group stage,,1,Group stage,2014,0,Did not qualify,,,0,-1,1,Other,,,105.0,285.0,2010-05-26,146.0,175.0,2014-06-05,41.0,-110.0,-0.5628542471816016,1.5628542471816016,1
Paraguay,Paraguay,PRY,WC-2010,2010,2010-06-11,quarter-finals,,4,Quarterfinal,2014,0,Did not qualify,,,0,-4,1,Other,,,31.0,820.0,2010-05-26,50.0,575.0,2014-06-05,19.0,-245.0,2.2089724438547442,1.7910275561452558,1
Portugal,Portugal,PRT,WC-2010,2010,2010-06-11,round of 16,,3,Round of 16,2014,1,Group stage,group stage,,1,-2,1,Other,0.4782608695652174,0.5217391304347826,3.0,1249.0,2010-05-26,4.0,1189.0,2014-06-05,1.0,-60.0,3.2577717323549833,-0.2577717323549833,0
Serbia,Serbia,SRB,WC-2010,2010,2010-06-11,group stage,,1,Group stage,2014,0,Did not qualify,,,0,-1,1,Other,,,15.0,947.0,2010-05-26,30.0,745.0,2014-06-05,15.0,-202.0,2.808286322997738,-1.8082863229977382,0
Slovakia,Slovakia,SVK,WC-2010,2010,2010-06-11,round of 16,,3,Round of 16,2014,0,Did not qualify,,,0,-3,1,Other,,,34.0,777.0,2010-05-26,49.0,591.0,2014-06-05,15.0,-186.0,2.096601091515433,0.9033989084845668,1
Slovenia,Slovenia,SVN,WC-2010,2010,2010-06-11,group stage,,1,Group stage,2014,0,Did not qualify,,,0,-1,1,Other,,,25.0,860.0,2010-05-26,25.0,800.0,2014-06-05,0.0,-60.0,2.4337151485333672,-1.4337151485333672,0
South Africa,South Africa,ZAF,WC-2010,2010,2010-06-11,group stage,,1,Group stage,2014,0,Did not qualify,,,0,-1,1,Other,,,83.0,392.0,2010-05-26,65.0,496.0,2014-06-05,-18.0,104.0,0.2612023366400149,0.7387976633599851,1
Korea Republic,South Korea,KOR,WC-2010,2010,2010-06-11,round of 16,,3,Round of 16,2014,1,Group stage,group stage,,1,-2,1,Other,0.21739130434782608,0.782608695652174,47.0,632.0,2010-05-26,57.0,547.0,2014-06-05,10.0,-85.0,1.6096585647117507,1.3903414352882493,1
Spain,Spain,ESP,WC-2010,2010,2010-06-11,final,1.0,7,Champion,2014,1,Group stage,group stage,,1,-6,1,Champion,0.6956521739130435,0.30434782608695654,2.0,1565.0,2010-05-26,1.0,1485.0,2014-06-05,-1.0,-80.0,3.2952288498014206,3.7047711501985794,1
Switzerland,Switzerland,CHE,WC-2010,2010,2010-06-11,group stage,,1,Group stage,2014,3,Round of 16,round of 16,,1,2,0,Other,0.43478260869565216,0.5652173913043479,24.0,866.0,2010-05-26,6.0,1149.0,2014-06-05,-18.0,283.0,2.471172265979804,-1.471172265979804,0
USA,United States,USA,WC-2010,2010,2010-06-11,round of 16,,3,Round of 16,2014,3,Round of 16,round of 16,,1,0,0,Other,0.2608695652173913,0.7391304347826086,14.0,957.0,2010-05-26,13.0,1035.0,2014-06-05,-1.0,78.0,2.845743440444175,0.15425655955582496,1
Uruguay,Uruguay,URY,WC-2010,2010,2010-06-11,third-place match,4.0,5,Semifinalist,2014,3,Round of 16,round of 16,,1,-2,1,Semifinalist,0.6521739130434783,0.34782608695652173,16.0,899.0,2010-05-26,7.0,1147.0,2014-06-05,-9.0,248.0,2.7708292055513013,2.2291707944486987,1
Algeria,Algeria,DZA,WC-2014,2014,2014-06-12,round of 16,,3,Round of 16,2018,0,Did not qualify,,,0,-3,1,Other,,,22.0,858.0,2014-06-05,66.0,474.0,2018-06-07,44.0,-384.0,2.5460865008726783,0.4539134991273217,1
Argentina,Argentina,ARG,WC-2014,2014,2014-06-12,final,2.0,6,Runner-up,2018,3,Round of 16,round of 16,,1,-3,1,Runner-up,0.34782608695652173,0.6521739130434783,5.0,1175.0,2014-06-05,5.0,1241.0,2018-06-07,0.0,66.0,3.182857497462109,2.817142502537891,1
Australia,Australia,AUS,WC-2014,2014,2014-06-12,group stage,,1,Group stage,2018,1,Group stage,group stage,,1,0,0,Other,0.2608695652173913,0.7391304347826086,62.0,526.0,2014-06-05,36.0,718.0,2018-06-07,-26.0,192.0,1.047801803015194,-0.0478018030151941,0
Belgium,Belgium,BEL,WC-2014,2014,2014-06-12,quarter-finals,,4,Quarterfinal,2018,5,Semifinalist,third-place match,3.0,1,1,0,Other,0.6521739130434783,0.34782608695652173,11.0,1074.0,2014-06-05,3.0,1298.0,2018-06-07,-8.0,224.0,2.9581147927834865,1.0418852072165135,1
Bosnia and Herzegovina,Bosnia and Herzegovina,BIH,WC-2014,2014,2014-06-12,group stage,,1,Group stage,2018,0,Did not qualify,,,0,-1,1,Other,,,21.0,873.0,2014-06-05,40.0,693.0,2018-06-07,19.0,-180.0,2.5835436183191156,-1.5835436183191156,0
Brazil,Brazil,BRA,WC-2014,2014,2014-06-12,third-place match,4.0,5,Semifinalist,2018,4,Quarterfinal,quarter-finals,,1,-1,1,Semifinalist,0.2608695652173913,0.7391304347826086,3.0,1242.0,2014-06-05,2.0,1431.0,2018-06-07,-1.0,189.0,3.2577717323549833,1.7422282676450167,1
Cameroon,Cameroon,CMR,WC-2014,2014,2014-06-12,group stage,,1,Group stage,2018,0,Did not qualify,,,0,-1,1,Other,,,56.0,558.0,2014-06-05,49.0,614.0,2018-06-07,-7.0,56.0,1.2725445076938167,-0.27254450769381666,0
Chile,Chile,CHL,WC-2014,2014,2014-06-12,round of 16,,3,Round of 16,2018,0,Did not qualify,,,0,-3,1,Other,,,14.0,1026.0,2014-06-05,9.0,1135.0,2018-06-07,-5.0,109.0,2.845743440444175,0.15425655955582496,1
Colombia,Colombia,COL,WC-2014,2014,2014-06-12,quarter-finals,,4,Quarterfinal,2018,3,Round of 16,round of 16,,1,-1,1,Other,0.43478260869565216,0.5652173913043479,8.0,1137.0,2014-06-05,16.0,986.0,2018-06-07,8.0,-151.0,3.070486145122798,0.929513854877202,1
Costa Rica,Costa Rica,CRI,WC-2014,2014,2014-06-12,quarter-finals,,4,Quarterfinal,2018,1,Group stage,group stage,,1,-3,1,Other,0.5217391304347826,0.4782608695652174,28.0,762.0,2014-06-05,23.0,884.0,2018-06-07,-5.0,122.0,2.3213437961940557,1.6786562038059443,1
Croatia,Croatia,HRV,WC-2014,2014,2014-06-12,group stage,,1,Group stage,2018,6,Runner-up,final,2.0,1,5,0,Other,0.5652173913043478,0.4347826086956522,18.0,903.0,2014-06-05,20.0,945.0,2018-06-07,2.0,42.0,2.6959149706584267,-1.6959149706584267,0
Ecuador,Ecuador,ECU,WC-2014,2014,2014-06-12,group stage,,1,Group stage,2018,0,Did not qualify,,,0,-1,1,Other,,,26.0,791.0,2014-06-05,60.0,524.0,2018-06-07,34.0,-267.0,2.39625803108693,-1.39625803108693,0
England,England,ENG,WC-2014,2014,2014-06-12,group stage,,1,Group stage,2018,5,Semifinalist,third-place match,4.0,1,4,0,Other,0.21739130434782608,0.782608695652174,10.0,1090.0,2014-06-05,12.0,1051.0,2018-06-07,2.0,-39.0,2.995571910229924,-1.9955719102299239,0
France,France,FRA,WC-2014,2014,2014-06-12,quarter-finals,,4,Quarterfinal,2018,7,Champion,final,1.0,1,3,0,Other,0.2608695652173913,0.7391304347826086,17.0,913.0,2014-06-05,7.0,1198.0,2018-06-07,-10.0,285.0,2.733372088104864,1.266627911895136,1
Germany,Germany,DEU,WC-2014,2014,2014-06-12,final,1.0,7,Champion,2018,1,Group stage,group stage,,1,-6,1,Champion,0.391304347826087,0.6086956521739131,2.0,1300.0,2014-06-05,1.0,1558.0,2018-06-07,-1.0,258.0,3.2952288498014206,3.7047711501985794,1
Ghana,Ghana,GHA,WC-2014,2014,2014-06-12,group stage,,1,Group stage,2018,0,Did not qualify,,,0,-1,1,Other,,,37.0,704.0,2014-06-05,47.0,624.0,2018-06-07,10.0,-80.0,1.9842297391761219,-0.9842297391761219,0
Greece,Greece,GRC,WC-2014,2014,2014-06-12,round of 16,,3,Round of 16,2018,0,Did not qualify,,,0,-3,1,Other,,,12.0,1064.0,2014-06-05,44.0,650.0,2018-06-07,32.0,-414.0,2.9206576753370497,0.07934232466295033,1
Honduras,Honduras,HND,WC-2014,2014,2014-06-12,group stage,,1,Group stage,2018,0,Did not qualify,,,0,-1,1,Other,,,33.0,731.0,2014-06-05,62.0,503.0,2018-06-07,29.0,-228.0,2.1340582089618705,-1.1340582089618705,0
IR Iran,Iran,IRN,WC-2014,2014,2014-06-12,group stage,,1,Group stage,2018,1,Group stage,group stage,,1,0,0,Other,0.30434782608695654,0.6956521739130435,43.0,641.0,2014-06-05,37.0,708.0,2018-06-07,-6.0,67.0,1.759487034497499,-0.7594870344974991,0
Italy,Italy,ITA,WC-2014,2014,2014-06-12,group stage,,1,Group stage,2018,0,Did not qualify,,,0,-1,1,Other,,,9.0,1104.0,2014-06-05,19.0,951.0,2018-06-07,10.0,-153.0,3.0330290276763607,-2.0330290276763607,0
Côte d'Ivoire,Ivory Coast,CIV,WC-2014,2014,2014-06-12,group stage,,1,Group stage,2018,0,Did not qualify,,,0,-1,1,Other,,,23.0,809.0,2014-06-05,68.0,463.0,2018-06-07,45.0,-346.0,2.5086293834262414,-1.5086293834262414,0
Japan,Japan,JPN,WC-2014,2014,2014-06-12,group stage,,1,Group stage,2018,3,Round of 16,round of 16,,1,2,0,Other,0.4782608695652174,0.5217391304347826,46.0,626.0,2014-06-05,61.0,521.0,2018-06-07,15.0,-105.0,1.6471156821581878,-0.6471156821581878,0
Mexico,Mexico,MEX,WC-2014,2014,2014-06-12,round of 16,,3,Round of 16,2018,3,Round of 16,round of 16,,1,0,0,Other,0.6086956521739131,0.3913043478260869,20.0,882.0,2014-06-05,15.0,989.0,2018-06-07,-5.0,107.0,2.621000735765553,0.3789992642344471,1
Netherlands,Netherlands,NLD,WC-2014,2014,2014-06-12,third-place match,3.0,5,Semifinalist,2018,0,Did not qualify,,,0,-5,1,Semifinalist,,,15.0,981.0,2014-06-05,17.0,981.0,2018-06-07,2.0,0.0,2.808286322997738,2.191713677002262,1
Nigeria,Nigeria,NGA,WC-2014,2014,2014-06-12,round of 16,,3,Round of 16,2018,1,Group stage,group stage,,1,-2,1,Other,0.21739130434782608,0.782608695652174,44.0,640.0,2014-06-05,48.0,618.0,2018-06-07,4.0,-22.0,1.722029917051062,1.277970082948938,1
Portugal,Portugal,PRT,WC-2014,2014,2014-06-12,group stage,,1,Group stage,2018,3,Round of 16,round of 16,,1,2,0,Other,0.30434782608695654,0.6956521739130435,4.0,1189.0,2014-06-05,4.0,1274.0,2018-06-07,0.0,85.0,3.2203146149085464,-2.2203146149085464,0
Russia,Russia,RUS,WC-2014,2014,2014-06-12,group stage,,1,Group stage,2018,4,Quarterfinal,quarter-finals,,1,3,0,Other,0.30434782608695654,0.6956521739130435,19.0,893.0,2014-06-05,70.0,457.0,2018-06-07,51.0,-436.0,2.65845785321199,-1.6584578532119898,0
Korea Republic,South Korea,KOR,WC-2014,2014,2014-06-12,group stage,,1,Group stage,2018,1,Group stage,group stage,,1,0,0,Other,0.34782608695652173,0.6521739130434783,57.0,547.0,2014-06-05,57.0,544.0,2018-06-07,0.0,-3.0,1.2350873902473798,-0.2350873902473798,0
Spain,Spain,ESP,WC-2014,2014,2014-06-12,group stage,,1,Group stage,2018,3,Round of 16,round of 16,,1,2,0,Other,0.4782608695652174,0.5217391304347826,1.0,1485.0,2014-06-05,10.0,1126.0,2018-06-07,9.0,-359.0,3.3326859672478575,-2.3326859672478575,0
Switzerland,Switzerland,CHE,WC-2014,2014,2014-06-12,round of 16,,3,Round of 16,2018,3,Round of 16,round of 16,,1,0,0,Other,0.6521739130434783,0.34782608695652173,6.0,1149.0,2014-06-05,6.0,1199.0,2018-06-07,0.0,50.0,3.1454003800156722,-0.14540038001567224,0
USA,United States,USA,WC-2014,2014,2014-06-12,round of 16,,3,Round of 16,2018,0,Did not qualify,,,0,-3,1,Other,,,13.0,1035.0,2014-06-05,25.0,873.0,2018-06-07,12.0,-162.0,2.8832005578906124,0.11679944210938764,1
Uruguay,Uruguay,URY,WC-2014,2014,2014-06-12,round of 16,,3,Round of 16,2018,4,Quarterfinal,quarter-finals,,1,1,0,Other,0.4782608695652174,0.5217391304347826,7.0,1147.0,2014-06-05,14.0,1018.0,2018-06-07,7.0,-129.0,3.107943262569235,-0.10794326256923492,0
Argentina,Argentina,ARG,WC-2018,2018,2018-06-14,round of 16,,3,Round of 16,2022,7,Champion,final,1.0,1,4,0,Other,0.30434782608695654,0.6956521739130435,5.0,1241.0,2018-06-07,3.0,1773.88,2022-10-06,-2.0,532.8800000000001,3.182857497462109,-0.1828574974621091,0
Australia,Australia,AUS,WC-2018,2018,2018-06-14,group stage,,1,Group stage,2022,3,Round of 16,round of 16,,1,2,0,Other,0.34782608695652173,0.6521739130434783,36.0,718.0,2018-06-07,38.0,1488.72,2022-10-06,2.0,770.72,2.021686856622559,-1.021686856622559,0
Belgium,Belgium,BEL,WC-2018,2018,2018-06-14,third-place match,3.0,5,Semifinalist,2022,1,Group stage,group stage,,1,-4,1,Semifinalist,0.6956521739130435,0.30434782608695654,3.0,1298.0,2018-06-07,2.0,1816.71,2022-10-06,-1.0,518.71,3.2577717323549833,1.7422282676450167,1
Brazil,Brazil,BRA,WC-2018,2018,2018-06-14,quarter-finals,,4,Quarterfinal,2022,4,Quarterfinal,quarter-finals,,1,0,0,Other,0.391304347826087,0.6086956521739131,2.0,1431.0,2018-06-07,1.0,1841.3,2022-10-06,-1.0,410.29999999999995,3.2952288498014206,0.7047711501985794,1
Colombia,Colombia,COL,WC-2018,2018,2018-06-14,round of 16,,3,Round of 16,2022,0,Did not qualify,,,0,-3,1,Other,,,16.0,986.0,2018-06-07,17.0,1611.04,2022-10-06,1.0,625.04,2.7708292055513013,0.2291707944486987,1
Costa Rica,Costa Rica,CRI,WC-2018,2018,2018-06-14,group stage,,1,Group stage,2022,1,Group stage,group stage,,1,0,0,Other,0.43478260869565216,0.5652173913043479,23.0,884.0,2018-06-07,31.0,1503.59,2022-10-06,8.0,619.5899999999999,2.5086293834262414,-1.5086293834262414,0
Croatia,Croatia,HRV,WC-2018,2018,2018-06-14,final,2.0,6,Runner-up,2022,5,Semifinalist,third-place match,3.0,1,-1,1,Runner-up,0.34782608695652173,0.6521739130434783,20.0,945.0,2018-06-07,12.0,1645.64,2022-10-06,-8.0,700.6400000000001,2.621000735765553,3.378999264234447,1
Denmark,Denmark,DNK,WC-2018,2018,2018-06-14,round of 16,,3,Round of 16,2022,1,Group stage,group stage,,1,-2,1,Other,0.4782608695652174,0.5217391304347826,12.0,1051.0,2018-06-07,10.0,1666.57,2022-10-06,-2.0,615.5699999999999,2.9206576753370497,0.07934232466295033,1
Egypt,Egypt,EGY,WC-2018,2018,2018-06-14,group stage,,1,Group stage,2022,0,Did not qualify,,,0,-1,1,Other,,,45.0,649.0,2018-06-07,39.0,1486.44,2022-10-06,-6.0,837.44,1.684572799604625,-0.6845727996046249,0
England,England,ENG,WC-2018,2018,2018-06-14,third-place match,4.0,5,Semifinalist,2022,4,Quarterfinal,quarter-finals,,1,-1,1,Semifinalist,0.5217391304347826,0.4782608695652174,12.0,1051.0,2018-06-07,5.0,1728.47,2022-10-06,-7.0,677.47,2.9206576753370497,2.0793423246629503,1
France,France,FRA,WC-2018,2018,2018-06-14,final,1.0,7,Champion,2022,6,Runner-up,final,2.0,1,-1,1,Champion,0.43478260869565216,0.5652173913043479,7.0,1198.0,2018-06-07,4.0,1759.78,2022-10-06,-3.0,561.78,3.107943262569235,3.892056737430765,1
Germany,Germany,DEU,WC-2018,2018,2018-06-14,group stage,,1,Group stage,2022,1,Group stage,group stage,,1,0,0,Other,0.4782608695652174,0.5217391304347826,1.0,1558.0,2018-06-07,11.0,1650.21,2022-10-06,10.0,92.21000000000004,3.3326859672478575,-2.3326859672478575,0
Iceland,Iceland,ISL,WC-2018,2018,2018-06-14,group stage,,1,Group stage,2022,0,Did not qualify,,,0,-1,1,Other,,,22.0,908.0,2018-06-07,62.0,1384.41,2022-10-06,40.0,476.4100000000001,2.5460865008726783,-1.5460865008726783,0
IR Iran,Iran,IRN,WC-2018,2018,2018-06-14,group stage,,1,Group stage,2022,1,Group stage,group stage,,1,0,0,Other,0.6956521739130435,0.30434782608695654,37.0,708.0,2018-06-07,20.0,1564.61,2022-10-06,-17.0,856.6099999999999,1.9842297391761219,-0.9842297391761219,0
Japan,Japan,JPN,WC-2018,2018,2018-06-14,round of 16,,3,Round of 16,2022,3,Round of 16,round of 16,,1,0,0,Other,0.2608695652173913,0.7391304347826086,61.0,521.0,2018-06-07,24.0,1559.54,2022-10-06,-37.0,1038.54,1.0852589204616314,1.9147410795383686,1
Mexico,Mexico,MEX,WC-2018,2018,2018-06-14,round of 16,,3,Round of 16,2022,1,Group stage,group stage,,1,-2,1,Other,0.43478260869565216,0.5652173913043479,15.0,989.0,2018-06-07,13.0,1644.89,2022-10-06,-2.0,655.8900000000001,2.808286322997738,0.19171367700226183,1
Morocco,Morocco,MAR,WC-2018,2018,2018-06-14,group stage,,1,Group stage,2022,5,Semifinalist,third-place match,4.0,1,4,0,Other,0.34782608695652173,0.6521739130434783,41.0,686.0,2018-06-07,22.0,1563.5,2022-10-06,-19.0,877.5,1.8344012693903733,-0.8344012693903733,0
Nigeria,Nigeria,NGA,WC-2018,2018,2018-06-14,group stage,,1,Group stage,2022,0,Did not qualify,,,0,-1,1,Other,,,48.0,618.0,2018-06-07,32.0,1498.47,2022-10-06,-16.0,880.47,1.5722014472653136,-0.5722014472653136,0
Panama,Panama,PAN,WC-2018,2018,2018-06-14,group stage,,1,Group stage,2022,0,Did not qualify,,,0,-1,1,Other,,,55.0,571.0,2018-06-07,60.0,1393.28,2022-10-06,5.0,822.28,1.310001625140254,-0.310001625140254,0
Peru,Peru,PER,WC-2018,2018,2018-06-14,group stage,,1,Group stage,2022,0,Did not qualify,,,0,-1,1,Other,,,11.0,1125.0,2018-06-07,23.0,1561.01,2022-10-06,12.0,436.01,2.9581147927834865,-1.9581147927834865,0
Poland,Poland,POL,WC-2018,2018,2018-06-14,group stage,,1,Group stage,2022,3,Round of 16,round of 16,,1,2,0,Other,0.43478260869565216,0.5652173913043479,8.0,1183.0,2018-06-07,26.0,1548.59,2022-10-06,18.0,365.5899999999999,3.070486145122798,-2.070486145122798,0
Portugal,Portugal,PRT,WC-2018,2018,2018-06-14,round of 16,,3,Round of 16,2022,4,Quarterfinal,quarter-finals,,1,1,0,Other,0.43478260869565216,0.5652173913043479,4.0,1274.0,2018-06-07,9.0,1676.56,2022-10-06,5.0,402.55999999999995,3.2203146149085464,-0.22031461490854642,0
Russia,Russia,RUS,WC-2018,2018,2018-06-14,quarter-finals,,4,Quarterfinal,2022,0,Did not qualify,,,0,-4,1,Other,,,70.0,457.0,2018-06-07,33.0,1496.11,2022-10-06,-37.0,1039.11,0.7481448634436973,3.2518551365563027,1
Saudi Arabia,Saudi Arabia,SAU,WC-2018,2018,2018-06-14,group stage,,1,Group stage,2022,1,Group stage,group stage,,1,0,0,Other,0.391304347826087,0.6086956521739131,67.0,465.0,2018-06-07,51.0,1437.78,2022-10-06,-16.0,972.78,0.8605162157830084,0.1394837842169916,1
Senegal,Senegal,SEN,WC-2018,2018,2018-06-14,group stage,,1,Group stage,2022,3,Round of 16,round of 16,,1,2,0,Other,0.2608695652173913,0.7391304347826086,27.0,838.0,2018-06-07,18.0,1584.38,2022-10-06,-9.0,746.3800000000001,2.3588009136404926,-1.3588009136404926,0
Serbia,Serbia,SRB,WC-2018,2018,2018-06-14,group stage,,1,Group stage,2022,1,Group stage,group stage,,1,0,0,Other,0.5217391304347826,0.4782608695652174,34.0,751.0,2018-06-07,21.0,1563.62,2022-10-06,-13.0,812.6199999999999,2.096601091515433,-1.0966010915154332,0
Korea Republic,South Korea,KOR,WC-2018,2018,2018-06-14,group stage,,1,Group stage,2022,3,Round of 16,round of 16,,1,2,0,Other,0.34782608695652173,0.6521739130434783,57.0,544.0,2018-06-07,28.0,1530.3,2022-10-06,-29.0,986.3,1.2350873902473798,-0.2350873902473798,0
Spain,Spain,ESP,WC-2018,2018,2018-06-14,round of 16,,3,Round of 16,2022,3,Round of 16,round of 16,,1,0,0,Other,0.2608695652173913,0.7391304347826086,10.0,1126.0,2018-06-07,7.0,1715.22,2022-10-06,-3.0,589.22,2.995571910229924,0.004428089770076138,1
Sweden,Sweden,SWE,WC-2018,2018,2018-06-14,quarter-finals,,4,Quarterfinal,2022,0,Did not qualify,,,0,-4,1,Other,,,24.0,880.0,2018-06-07,25.0,1553.33,2022-10-06,1.0,673.3299999999999,2.471172265979804,1.528827734020196,1
Switzerland,Switzerland,CHE,WC-2018,2018,2018-06-14,round of 16,,3,Round of 16,2022,3,Round of 16,round of 16,,1,0,0,Other,0.4782608695652174,0.5217391304347826,6.0,1199.0,2018-06-07,15.0,1635.92,2022-10-06,9.0,436.9200000000001,3.1454003800156722,-0.14540038001567224,0
Tunisia,Tunisia,TUN,WC-2018,2018,2018-06-14,group stage,,1,Group stage,2022,1,Group stage,group stage,,1,0,0,Other,0.43478260869565216,0.5652173913043479,21.0,910.0,2018-06-07,30.0,1507.54,2022-10-06,9.0,597.54,2.5835436183191156,-1.5835436183191156,0
Uruguay,Uruguay,URY,WC-2018,2018,2018-06-14,quarter-finals,,4,Quarterfinal,2022,1,Group stage,group stage,,1,-3,1,Other,0.5652173913043478,0.4347826086956522,14.0,1018.0,2018-06-07,14.0,1638.71,2022-10-06,0.0,620.71,2.845743440444175,1.154256559555825,1
